rank,basin_size_km2,name,lon,lat
1,5960455,Amazon,-50.25,0.25
2,3717349,Congo,12.25,-6.25
3,3235780,Mississippi,-89.25,29.25
4,2904610,Nile,31.25,31.75
5,2579824,Parana (Rio de la Plata),-58.25,-34.25
6,2537356,Yenisei,82.75,70.25
7,2490187,Ob,69.25,66.75
8,2452536,Lena,128.75,72.25
9,1928118,Yangtze,120.75,31.75
10,1872045,Amur,140.75,53.25
11,1800437,Niger,6.25,4.25
12,1696094,Mackenzie,-134.25,69.25
13,1577144,Ganges-Brahmaputra,90.75,22.75
14,1414459,Lake Chad,14.75,13.25
15,1389942,Zambezi,36.25,-18.75
16,1387114,Volga,48.25,46.25
17,1168030,Nelson,-92.25,57.25
18,1059997,Murray-Darling,139.25,-35.75
19,1048406,St. Lawrence,-71.25,46.75
20,1039072,Aral Sea (Amu Darya / Syr Darya),60.25,45.25
21,965790,Orinoco,-60.75,8.75
22,956138,Orange,16.25,-28.75
23,881852,Tocantins,-48.75,-1.25
24,870863,Shatt al-Arab (Tigris-Euphrates),48.75,29.75
25,838923,Indus,67.75,23.75
26,827734,Yukon,-164.75,62.75
27,795752,Danube,29.75,45.25
28,795706,Mekong,106.75,10.25
29,781238,Juba-Shebelle,42.75,-0.25
30,759469,Huang He (Yellow River),118.75,37.75
31,707722,Okavango (Makgadikgadi),25.75,-20.75
32,667349,Columbia,-123.75,46.25
33,656194,Kolyma,161.25,69.25
34,642243,Sao Francisco,-36.25,-10.25
35,635335,Colorado (USA),-114.75,31.75
36,511238,Dnieper,32.25,46.75
37,489598,Rio Grande,-97.25,25.75
38,436959,Don,39.25,47.25
39,421476,Limpopo,33.75,-25.25
40,406527,Volta,0.75,5.75
41,400897,Pearl (Zhujiang),113.25,22.75
42,393472,Irrawaddy,95.25,15.75
43,360385,Northern Dvina,40.25,64.75
44,359259,Uruguay,-58.25,-33.75
45,358438,Indigirka,152.25,70.75
46,352250,Colorado (Argentina),-62.25,-39.75
47,339012,Parnaiba,-41.75,-2.75
48,335788,Senegal,-16.25,16.25
49,321134,Pechora,53.75,68.25
50,319155,Godavari,81.75,16.25
51,309630,Khatanga,105.25,72.75
52,305384,Churchill,-94.25,58.75
53,290622,Thelon,-91.25,63.75
54,289654,Salween,97.75,16.25
55,286984,Neva,30.25,59.75
56,265415,Krishna,80.75,15.75
57,261506,Magdalena,-74.75,10.75
58,235103,Fraser,-123.25,49.25
59,226093,Hai He,117.75,38.75
60,223109,Yana,136.75,71.25
61,222491,Liao,121.75,40.75
62,220010,Ogooue,8.75,-1.25
63,217071,Ural,51.75,47.25
64,211124,Hulun Lake (Kherlen-Orshun),117.75,49.25
65,203742,Olenyok,121.75,72.75
66,195535,Vistula,18.75,54.25
67,191356,Kura,49.25,39.25
68,187811,Anadyr,176.25,64.75
69,185763,Khyargas Nuur (Zavkhan),93.25,49.25
70,181227,Lagoa dos Patos (Jacui),-52.25,-32.25
71,179430,Rufiji,39.25,-7.75
72,178281,Chao Phraya,100.75,13.25
73,170730,Pyasina,86.25,73.75
74,167878,Rhine,4.25,52.25
75,165426,Turgay-Irgiz,63.25,48.25
76,161508,Rovuma,40.25,-10.25
77,159616,Essequibo,-58.75,6.75
78,157351,Lake Turkana (Omo),36.25,3.25
79,148219,Kwanza,13.25,-9.25
80,146078,Elbe,8.75,53.75
81,145760,Red River (Hong),106.75,20.25
82,142457,Mahanadi,86.75,20.25
83,140901,Albany,-81.75,52.25
84,139592,Taz,78.75,67.75
85,139382,Koksoak,-68.25,58.25
86,138272,Nottaway-Broadback (James Bay),-78.75,51.25
87,137126,Fitzroy (Queensland),150.75,-23.25
88,134616,Sanaga,9.75,3.75
89,132317,Santiago (Lerma-Santiago),-105.25,21.75
90,131215,Burdekin,147.75,-19.75
91,125887,Taymyra,99.75,76.25
92,123827,Kuskokwim,-162.25,60.25
93,122049,Negro (Argentina),-62.75,-41.25
94,120793,Brazos,-95.25,28.75
95,118673,Oder,14.75,53.75
96,117816,Loire,-2.25,47.25
97,115545,Sacramento-San Joaquin,-121.75,38.25
98,114644,Balsas,-102.25,17.75
99,114425,Cunene,11.75,-17.25
100,112719,Colorado (Texas),-95.75,28.75
