Timeseries,settingsfile: \\pdrive\share\link\burek.pdrv\watmodel\cwatmpublic\gui\settings_morava_1min.ini,Runnning date: Wed Jul  1 10:34:09 2026,CWATM: P:\watmodel\cwatmpublic\gui\dist\CWatM_GUI\_internal\cwatm\run_cwatm.py Git-Branch:develop Hash:e042f767d605db60a84a28a117eff46c1ea8a49f
xloc,16.6084
yloc,48.9083
Date,G1
02/01/1990,  36.13938132
03/01/1990,  35.98475572
04/01/1990,  40.16796698
05/01/1990,  38.04312453
06/01/1990,  36.76767933
07/01/1990,  31.61623203
08/01/1990,  32.76349065
09/01/1990,  37.01238387
10/01/1990,  31.04998919
11/01/1990,  34.85963466
12/01/1990,  33.09110946
13/01/1990,  33.40853557
14/01/1990,  32.49464559
15/01/1990,  31.60809542
16/01/1990,  29.43383284
17/01/1990,  28.69673543
18/01/1990,  29.34537638
19/01/1990,  26.92509828
20/01/1990,  25.70266628
21/01/1990,  27.77785111
22/01/1990,  27.28725266
23/01/1990,  25.33252513
